participant,model_index,model,BIC,LL,alpha_1,alpha_2,beta_1,beta_2,_lambda,w,p
0,2,hybrid_mb,486.8303714635065,-232.8185509986572,1.0,0.2329515388149274,2.667238169127826,4.570952881123887,1.0,1.0,0.2040388078750707
1,1,hybrid_mf,558.7387199224445,-263.47440786157813,0.2773230712343325,0.1631578889032302,2.229408836620422,0.001,0.6893989699023099,0.0,0.196411046373328
2,1,hybrid_mf,450.9812092704893,-209.5956525356005,0.5800143334965754,0.1169371363567638,1.5631332689722786,5.467592974844689,0.6807433372322529,0.0,-0.1805306134004765
3,2,hybrid_mb,561.9859155663838,-270.3963230500958,1.0,0.785124220004182,0.8203832037323318,0.5578557031487026,1.0,1.0,0.3841384862641987
4,2,hybrid_mb,568.4926279789938,-273.6496792564008,1.0,0.274094880358951,1.524487066192636,1.0044457237943702,1.0,1.0,-0.0739021017881255
5,2,hybrid_mb,571.4442621640774,-275.1254963489426,1.0,0.4528669545503682,1.6225720690024812,0.001,1.0,1.0,0.1393614872791596
