hybrid,hybrid_mf,hybrid_mb
1.0,0.0,0.38775510204081626
0.0,1.0,0.2040816326530612
0.0,0.0,0.4081632653061224
